Date,Customer message
2025-06-23,I recently bought your wireless earbuds and I must say the sound quality is amazing. The battery life also exceeded my expectations.
2025-06-22,The app crashes every time I try to upload a photo. This is really frustrating as I need it for my work.
2025-06-21,Delivery was on time and the packaging was secure. Good job!
2025-06-20,I am not satisfied with the blender I purchased. It started leaking after a few uses. Would not recommend.
2025-06-19,Your customer support team was very helpful and resolved my issue quickly. Thank you!
2025-06-18,"The product is okay, but I expected more features based on the price."
2025-06-17,Excellent performance from the smartwatch. It syncs perfectly with my phone and the fitness tracking is spot on.
2025-06-16,The user manual was missing from the package and I had a hard time setting it up. Please improve your quality checks.
2025-06-15,"It works as advertised. Nothing special, but does the job."
2025-06-14,Absolutely love the new skincare line! My skin feels softer and looks brighter after just a week.
